{
  "aggregate": {
    "bicycle": 1.0150432586669922,
    "building": 68.28706550598145,
    "bus": 0.4353523254394531,
    "car": 11.434412002563477,
    "fence": 0.757598876953125,
    "motocycle": 4.14881706237793,
    "person": 14.35570137589066,
    "pole": 2.599048614501953,
    "rider": 0.0,
    "road": 80.06804784138998,
    "sidewalk": 6.836981526127568,
    "sky": 0.10523796081542969,
    "terrain": 0.00019073486328125,
    "traffic light": 0.5053997039794922,
    "traffic sign": 0.19745826721191406,
    "train": 0.0,
    "truck": 0.0,
    "vegetation": 9.253644943237305,
    "wall": 0.0
  },
  "images": {
    "one.jpg": {
      "bicycle": 0.0,
      "building": 43.625,
      "bus": 0.0,
      "car": 0.0,
      "fence": 0.0,
      "motocycle": 0.0,
      "person": 10.418981481481481,
      "pole": 0.0,
      "rider": 0.0,
      "road": 45.442708333333336,
      "sidewalk": 0.5133101851851852,
      "sky": 0.0,
      "terrain": 0.0,
      "traffic light": 0.0,
      "traffic sign": 0.0,
      "train": 0.0,
      "truck": 0.0,
      "vegetation": 0.0,
      "wall": 0.0
    },
    "two.jpg": {
      "bicycle": 1.0150432586669922,
      "building": 24.662065505981445,
      "bus": 0.4353523254394531,
      "car": 11.434412002563477,
      "fence": 0.757598876953125,
      "motocycle": 4.14881706237793,
      "person": 3.9367198944091797,
      "pole": 2.599048614501953,
      "rider": 0.0,
      "road": 34.62533950805664,
      "sidewalk": 6.323671340942383,
      "sky": 0.10523796081542969,
      "terrain": 0.00019073486328125,
      "traffic light": 0.5053997039794922,
      "traffic sign": 0.19745826721191406,
      "train": 0.0,
      "truck": 0.0,
      "vegetation": 9.253644943237305,
      "wall": 0.0
    },
    "three.png": {
      "bicycle": 1.0150432586669922,
      "building": 24.662065505981445,
      "bus": 0.4353523254394531,
      "car": 11.434412002563477,
      "fence": 0.757598876953125,
      "motocycle": 4.14881706237793,
      "person": 3.9367198944091797,
      "pole": 2.599048614501953,
      "rider": 0.0,
      "road": 34.62533950805664,
      "sidewalk": 6.323671340942383,
      "sky": 0.10523796081542969,
      "terrain": 0.00019073486328125,
      "traffic light": 0.5053997039794922,
      "traffic sign": 0.19745826721191406,
      "train": 0.0,
      "truck": 0.0,
      "vegetation": 9.253644943237305,
      "wall": 0.0
    },
    "four.png": {
      "bicycle": 1.0150432586669922,
      "building": 24.662065505981445,
      "bus": 0.4353523254394531,
      "car": 11.434412002563477,
      "fence": 0.757598876953125,
      "motocycle": 4.14881706237793,
      "person": 3.9367198944091797,
      "pole": 2.599048614501953,
      "rider": 0.0,
      "road": 34.62533950805664,
      "sidewalk": 6.323671340942383,
      "sky": 0.10523796081542969,
      "terrain": 0.00019073486328125,
      "traffic light": 0.5053997039794922,
      "traffic sign": 0.19745826721191406,
      "train": 0.0,
      "truck": 0.0,
      "vegetation": 9.253644943237305,
      "wall": 0.0
    }
  }
}